,Nom_Resto,Nom_utilisateur,note
0,ASPIC,IsabelleC546,5
1,ASPIC,Corinne P,4
2,ASPIC,fran_oism742,5
3,ASPIC,VirginieLabille90,5
4,ASPIC,H1102KFdianeb,5
5,Il Etait Un Square,Mathis B,5
6,Il Etait Un Square,louanneg780,5
7,Il Etait Un Square,lucF2180WT,5
8,Il Etait Un Square,MAUXIONM,5
9,Il Etait Un Square,Laurie_mathieu_timmy,5
10,New Jawad Longchamp,Passport45952884066,5
11,New Jawad Longchamp,Charles C,5
12,New Jawad Longchamp,RachidL37,5
13,New Jawad Longchamp,Amanda M,5
14,New Jawad Longchamp,866alexiad,5
15,Restaurant Pizzamore,delore7,5
16,Restaurant Pizzamore,Maxime B,5
17,Restaurant Pizzamore,Mimolette84,5
18,Restaurant Pizzamore,micdouil,5
19,Restaurant Pizzamore,Karakal33,5
20,Mayfair Garden,grazianih2021,5
21,Mayfair Garden,nounettekenzo,5
22,Mayfair Garden,Lolo33,5
23,Mayfair Garden,684pa,5
24,Mayfair Garden,simaoalexandreesi,5
25,Bus Toqué,GuillaumeN261,5
26,Bus Toqué,martinesW1130ZU,5
27,Bus Toqué,Pierrick_Frngt,5
28,Bus Toqué,ericeL2020RU,4
29,Bus Toqué,125cac,3
30,Boutary,S4873KYhelend,5
31,Boutary,alexbnap,5
32,Boutary,91Bidou91,5
33,Boutary,PierEvi34,5
34,Boutary,redasais,5
35,Les Apotres de Pigalle,Climber58958718689,5
36,Les Apotres de Pigalle,901huberth,5
37,Les Apotres de Pigalle,Svlrd,5
38,Les Apotres de Pigalle,248margotd,5
39,Les Apotres de Pigalle,Getaway745724,5
40,La Table de Colette,YB1972,4
41,La Table de Colette,Sébastien A,3
42,La Table de Colette,299cclaire,5
43,La Table de Colette,artis644,4
44,La Table de Colette,ArnaudTr,5
45,Bao & ME,Cyanat,5
46,Bao & ME,Roving18449733310,5
47,Bao & ME,SteacreandO33,5
48,Bao & ME,Noémie J,5
49,Bao & ME,elisawfrance,5
50,Perlimpinpin,Lolo33,5
51,Perlimpinpin,louisrobr,5
52,Perlimpinpin,Nad_R25,5
53,Perlimpinpin,Nathalieqgcatillon,5
54,Perlimpinpin,AnitaC1245,5
55,Bistrot Kinzo,PPCSP,5
56,Bistrot Kinzo,dartoiss,5
57,Bistrot Kinzo,MelanieD1976,5
58,Bistrot Kinzo,lisafH7225VS,5
59,Bistrot Kinzo,Colibri211,5
60,Bistrot Instinct,477kaiss,5
61,Bistrot Instinct,victoria_csl,5
62,Bistrot Instinct,Romanesquee,5
63,Bistrot Instinct,OlivierK103,5
64,Bistrot Instinct,ergehem,5
65,Karavaki Au Jardin Du Luxembourg,LucasDi83,4
66,Karavaki Au Jardin Du Luxembourg,fredericmQ2458GF,5
67,Karavaki Au Jardin Du Luxembourg,thomasetelodieb,5
68,Karavaki Au Jardin Du Luxembourg,PhilipposApoTino,5
69,Karavaki Au Jardin Du Luxembourg,ergehem,4
70,Gosier,simonlersch,5
71,Gosier,silvioalessandra,5
72,Gosier,975clairel,5
73,Gosier,fran_oism742,5
74,Gosier,NathGarny,5
75,Le Bistrot de Madeleine,Pioneer16656376586,5
76,Le Bistrot de Madeleine,_sxrxha,5
77,Le Bistrot de Madeleine,LaurenceBerga,5
78,Le Bistrot de Madeleine,RAGNAR75013,5
79,Le Bistrot de Madeleine,tristanDlb,5
80,Pur' - Jean-François Rouquette,lrrsm,5
81,Pur' - Jean-François Rouquette,960bastienc,5
82,Pur' - Jean-François Rouquette,Fabien_chon,5
83,Pur' - Jean-François Rouquette,Venture07049072519,5
84,Pur' - Jean-François Rouquette,Sdsabc,5
85,La MiN,jfbenhaim,5
86,La MiN,Olive E,5
87,La MiN,Antho7192,5
88,La MiN,Rocatin99,5
89,La MiN,Melania M,5
90,Domenico's,Camille S,5
91,Domenico's,229baptistef,5
92,Domenico's,anaisrx,5
93,Domenico's,420geoffreyr,5
94,Domenico's,AnthonyF83000,5
95,Ya Bayte,ericlX4385CA,5
96,Ya Bayte,sophiecolo,5
97,Ya Bayte,famillec390,4
98,Ya Bayte,jordanfT2112BN,5
99,Ya Bayte,386sylvainj,5
100,Da Giuseppe,807mathisr,4
101,Da Giuseppe,Kikilafraise,4
102,Da Giuseppe,prisciliaincarnato,5
103,Da Giuseppe,juliengG3163UI,5
104,Da Giuseppe,paulinekY3347RN,5
105,Les Bariolés de Maud,viennetv,5
106,Les Bariolés de Maud,cl_ments38,5
107,Les Bariolés de Maud,690madamet,5
108,Les Bariolés de Maud,Briochedoree94,4
109,Les Bariolés de Maud,543virginiee,5
110,Pizzeria Arrivederci,chrissZ1859AG,5
111,Pizzeria Arrivederci,marcisabelle187147,5
112,Pizzeria Arrivederci,R4361MDalessandros,5
113,Pizzeria Arrivederci,elodiebZ1807XC,5
114,Pizzeria Arrivederci,Quest57835146544,5
115,Pardi,Jean-Baptiste G,5
116,Pardi,AdanetEve,5
117,Pardi,julieSres,5
118,Pardi,542ajd,5
119,Pardi,bensport,5
120,Contraste,965marief,3
121,Contraste,martialparis1601,5
122,Contraste,BFL17,5
123,Contraste,Joel G,5
124,Contraste,Joel G,5
125,Poni,Michdu15,5
126,Poni,sanjaimematheo,5
127,Poni,frimousse57,5
128,Poni,564RolandD564,5
129,Poni,Go53358881068,5
130,114 Faubourg,B3104VLrichardd,5
131,114 Faubourg,veroniquer363,5
132,114 Faubourg,MarieProuvost,5
133,114 Faubourg,Pigeon-vol,5
134,114 Faubourg,Rol2809,5
135,Au P'tit Curieux,phildub2021,5
136,Au P'tit Curieux,891thibaults,5
137,Au P'tit Curieux,Eliedenimes,5
138,Au P'tit Curieux,Hrose35,5
139,Au P'tit Curieux,eloptb,5
140,Coin-OP Table,Patrick f,5
141,Coin-OP Table,cbl12,5
142,Coin-OP Table,thibaudd900,5
143,Coin-OP Table,Geoffrey D,2
144,Coin-OP Table,Darkfab2,5
145,O’bergine,lioduc,5
146,O’bergine,yiyir2016,5
147,O’bergine,270olivierp,5
148,O’bergine,elo6812,5
149,O’bergine,Sunshine02054870789,5
150,Epicure,Val G,5
151,Epicure,Francois B,5
152,Epicure,laurydns,5
153,Epicure,JPBonnevie,5
154,Epicure,Xavier154,5
155,JJ Beaumarchais,christophe m,4
156,JJ Beaumarchais,sys1117,5
157,JJ Beaumarchais,isabellem2016,5
158,JJ Beaumarchais,Escape19544096194,5
159,JJ Beaumarchais,chachadevdev,5
160,Pianovins,jnf57v,5
161,Pianovins,603franckp,3
162,Pianovins,carabinben,5
163,Pianovins,JOSE-NTH,5
164,Pianovins,RobinFlorian,5
165,La Réserve Du Terroir,Reginldo31000,5
166,La Réserve Du Terroir,Cl0tildeC,5
167,La Réserve Du Terroir,C9643AIcharlesb,5
168,La Réserve Du Terroir,moniquel0,5
169,La Réserve Du Terroir,N9479STjulienc,5
170,Le Faham by Kelly Rangama,ThierryF659,5
171,Le Faham by Kelly Rangama,sarahflahaut,5
172,Le Faham by Kelly Rangama,Michel F,5
173,Le Faham by Kelly Rangama,X8922BQcamilled,5
174,Le Faham by Kelly Rangama,Erik L,3
175,Kei Restaurant,thomassachavalentin,5
176,Kei Restaurant,Eme003,1
177,Kei Restaurant,chris_chris21,5
178,Kei Restaurant,ab72470,5
179,Kei Restaurant,Z9782UXpatrickg,5
180,Bistro V,915killianm,5
181,Bistro V,delphiner402,5
182,Bistro V,Yair1965,5
183,Bistro V,alain B,5
184,Bistro V,nathaliesF2238KW,5
185,Le Village Russe,287sheyenneb,5
186,Le Village Russe,sheyenneg2021,5
187,Le Village Russe,f_mme_2021,5
188,Le Village Russe,solennb200,5
189,Le Village Russe,lilouc798,5
190,Signature Montmartre,hh280490,5
191,Signature Montmartre,Philou2259,5
192,Signature Montmartre,Navigator63599899105,5
193,Signature Montmartre,98lilian,5
194,Signature Montmartre,vincentlV2342SF,5
195,Frog & Underground,Connector56643642109,5
196,Frog & Underground,jadoouuu233,5
197,Frog & Underground,Arnathie,4
198,Frog & Underground,nadia a,2
199,Frog & Underground,Benja_masset,5
200,Chez Pitou,Climber22279993020,4
201,Chez Pitou,pascal F,4
202,Chez Pitou,clairepierre1234,5
203,Chez Pitou,Ragnar68000,5
204,Chez Pitou,PierreF-V,5
205,La Cantine de Mémé,Laurent L,5
206,La Cantine de Mémé,G540ACericb,5
207,La Cantine de Mémé,sandrine g,5
208,La Cantine de Mémé,Jérôme V,5
209,La Cantine de Mémé,Nomad40255457613,5
210,L'Oliveto Paris,Viantho12390,5
211,L'Oliveto Paris,Nath2808,4
212,L'Oliveto Paris,Happiness04865630338,5
213,L'Oliveto Paris,annarostowsky1,5
214,L'Oliveto Paris,P6048YSlaurenceb,5
215,Frog Hop House,M5959TEst_phanied,5
216,Frog Hop House,Lavilabilezin,4
217,Frog Hop House,Connector64770,5
218,Frog Hop House,donatienl910,5
219,Frog Hop House,robdrai,5
220,Petit Boutary,Curious45485474897,5
221,Petit Boutary,OnAir51755696596,5
222,Petit Boutary,wilsonf81,3
223,Petit Boutary,edelville,5
224,Petit Boutary,Zebre17,5
225,Frog XVI,victorcT4557LC,5
226,Frog XVI,Edern1982,5
227,Frog XVI,gaberch,5
228,Frog XVI,tommO526PH,5
229,Frog XVI,Meander41667268163,5
230,Café de Paris-Friedland,fan01710,5
231,Café de Paris-Friedland,Chloé C,5
232,Café de Paris-Friedland,351mikaelf,5
233,Café de Paris-Friedland,226micheld,5
234,Café de Paris-Friedland,Dkcarine,4
235,La Grotte de Chypre,P8468JMgerardc,5
236,La Grotte de Chypre,P6005NOlaurencem,5
237,La Grotte de Chypre,PIERRETTE29091939,5
238,La Grotte de Chypre,Thomas F,5
239,La Grotte de Chypre,Pioneer30417180790,5
240,Via Emilia,ArtCookingMaster,4
241,Via Emilia,ARNAUDduVar,5
242,Via Emilia,Kurodo,5
243,Via Emilia,Thierry F,4
244,Via Emilia,Nougatt,4
245,Aux Enfants Gates,margaux j,5
246,Aux Enfants Gates,Adelezeeee,5
247,Aux Enfants Gates,ijchaps,5
248,Aux Enfants Gates,Christophe C,5
249,Aux Enfants Gates,maminelle,5
250,Terra Mia,RVZZZ,5
251,Terra Mia,ergehem,5
252,Terra Mia,HindChouch,5
253,Terra Mia,clemenceviall,5
254,Terra Mia,jbco2020,5
255,Il Tronchetto,floprvt,5
256,Il Tronchetto,sophien2110,5
257,Il Tronchetto,benyacoubn,5
258,Il Tronchetto,boenky,5
259,Il Tronchetto,Lucie11bi,5
260,Le jardin du Kashmir,508k_vinf,5
261,Le jardin du Kashmir,TFE-TFE,5
262,Le jardin du Kashmir,Mistipouche,5
263,Le jardin du Kashmir,elisethlz,5
264,Le jardin du Kashmir,Amjad H,5
265,24 Le Restaurant,Greg0904,5
266,24 Le Restaurant,159isabelles,5
267,24 Le Restaurant,Assia B,5
268,24 Le Restaurant,Y9091ZInathalieb,5
269,24 Le Restaurant,D7152NEcharlotted,5
270,LES EPICIERS,chainlouis,5
271,LES EPICIERS,Rob_Meng_93,5
272,LES EPICIERS,Natacha61,5
273,LES EPICIERS,kikinoo,4
274,LES EPICIERS,jerome r,5
275,Patchanka,quentind130,5
276,Patchanka,olivierb59700,5
277,Patchanka,Laura R,5
278,Patchanka,romualdg359,5
279,Patchanka,Marilou29,4
280,L'Archeste,131in_sd,4
281,L'Archeste,Anaeld2014,5
282,L'Archeste,E14QVannec,5
283,L'Archeste,ardechird,5
284,L'Archeste,yapmaifakat,5
285,Mian Fan,sabbill2000,5
286,Mian Fan,LaeticiaH4,5
287,Mian Fan,BenjaminChauzet,5
288,Mian Fan,Nicolas H,5
289,Mian Fan,Hermine2900000,5
290,L’Innocence,Q2286AYbenjaminr,5
291,L’Innocence,Departure49986525362,5
292,L’Innocence,gilles r,5
293,L’Innocence,JohnAd93,5
294,L’Innocence,Smurfe,5
295,Cook' n Saj,718lioneld,4
296,Cook' n Saj,Fred S,5
297,Cook' n Saj,Val0711,5
298,Cook' n Saj,SarahT4946,5
299,Cook' n Saj,Romanelnt,5
300,Alliance,sara-devignon,5
301,Alliance,Nicolas O,5
302,Alliance,beno_tk329,5
303,Alliance,C1056RQchristinec,5
304,Alliance,isabelle59l2016,5
305,Marche Ou Crêpe,sylvainbV663HC,5
306,Marche Ou Crêpe,emiliemW2465QY,5
307,Marche Ou Crêpe,facos95,2
308,Marche Ou Crêpe,SmjX1,5
309,Marche Ou Crêpe,chaouikam,5
310,Source Infinie,MissSom,5
311,Source Infinie,FrancoiseParis18,5
312,Source Infinie,Alexandre D,5
313,Source Infinie,LiRo1117,5
314,Source Infinie,jlw1977,5
315,India StreEAT,204pascalev,5
316,India StreEAT,louisedU9038FB,5
317,India StreEAT,MagaliVui,5
318,India StreEAT,L-bouabdalla,5
319,India StreEAT,811virginiee,5
320,Le vent d'Armor,Voyager11102518900,5
321,Le vent d'Armor,Mic57-7,5
322,Le vent d'Armor,N3274QAnicolem,5
323,Le vent d'Armor,Pied J,5
324,Le vent d'Armor,Sylvette A,5
325,Madito,Landiers19,4
326,Madito,dagon6,2
327,Madito,corad470,5
328,Madito,AnaelAllaire,5
329,Madito,dadot599,5
330,Chez Ajia,D8290UDannec,5
331,Chez Ajia,scalvados,5
332,Chez Ajia,413marineb,5
333,Chez Ajia,marjoriez731,5
334,Chez Ajia,Nithou88,5
335,Pastamore,602laurents,5
336,Pastamore,afaf m,5
337,Pastamore,ScarlettClaverie,5
338,Pastamore,I4381SQmarinec,5
339,Pastamore,Barbie-5179,5
340,LA TRATTORIA DELL'ISOLA,agnesg940,5
341,LA TRATTORIA DELL'ISOLA,Priincip3ssa-82,5
342,LA TRATTORIA DELL'ISOLA,Benizo,5
343,LA TRATTORIA DELL'ISOLA,Mickaël S,5
344,LA TRATTORIA DELL'ISOLA,corinnec570,5
345,Restaurant Mumi,enzamartins,5
346,Restaurant Mumi,Vacation07642556612,5
347,Restaurant Mumi,eric g,5
348,Restaurant Mumi,yannloicp,5
349,Restaurant Mumi,Trip52601372151,5
350,Bar Italia Brasserie,MARIONalban33,5
351,Bar Italia Brasserie,Lucas Y,5
352,Bar Italia Brasserie,W3081LQmikea,5
353,Bar Italia Brasserie,sand2009,5
354,Bar Italia Brasserie,Cocowilliam,5
355,L'Orangerie - Four Seasons Hotel George V,Hercule45,5
356,L'Orangerie - Four Seasons Hotel George V,guicagr,5
357,L'Orangerie - Four Seasons Hotel George V,veroniquer363,5
358,L'Orangerie - Four Seasons Hotel George V,Eriaton,5
359,L'Orangerie - Four Seasons Hotel George V,staju,5
360,XV Burger,211c_lined,5
361,XV Burger,MMag75,2
362,XV Burger,thomasd512,5
363,XV Burger,Mégane G,5
364,XV Burger,V1024XYalainm,5
365,Le Bistrot d'Yves,HL2,5
366,Le Bistrot d'Yves,richardmacintosh,5
367,Le Bistrot d'Yves,amst0387,5
368,Le Bistrot d'Yves,400manonr,5
369,Le Bistrot d'Yves,pyhemard,5
370,La Veraison,danys707,5
371,La Veraison,Emilie R,5
372,La Veraison,Noemiecatherine,5
373,La Veraison,13benjaminp,5
374,La Veraison,MarceauPicpus,5
375,La Grange Aux Canards,AmelieHenrard11,5
376,La Grange Aux Canards,Jérôme V,5
377,La Grange Aux Canards,danieluP4304EQ,4
378,La Grange Aux Canards,Tastyadvise,5
379,La Grange Aux Canards,catherinez759,5
380,Joyti Restaurant,Etienne M,5
381,Joyti Restaurant,marchF7783TX,5
382,Joyti Restaurant,paulinecL5003IS,5
383,Joyti Restaurant,verbeke s,5
384,Joyti Restaurant,cherifi r,5
385,Restaurant H,R A,5
386,Restaurant H,JeanPierreB251,4
387,Restaurant H,135albant,5
388,Restaurant H,juliebuisson94,5
389,Restaurant H,teleporteur,5
390,Picotte,Solea14,5
391,Picotte,_Saganoren7,4
392,Picotte,victoria_csl,5
393,Picotte,FABIEN-TKD,5
394,Picotte,Vacanciers57,5
395,Wine Therapy,51micka_lp,5
396,Wine Therapy,becasseau,5
397,Wine Therapy,flo-clbl,3
398,Wine Therapy,lnchartier,5
399,Wine Therapy,Bacchus33,5
400,L'Arcane,dedo83Dragui,4
401,L'Arcane,Cedric_Reviewer,5
402,L'Arcane,Iriseaf,5
403,L'Arcane,H S,5
404,L'Arcane,JA1B,5
405,Can Alegria Paris,JYL9375,5
406,Can Alegria Paris,andreraphaelc,5
407,Can Alegria Paris,anolocjuan,5
408,Can Alegria Paris,charlineg459,5
409,Can Alegria Paris,blacquebelairt,5
410,Midi 12,sebmag7,5
411,Midi 12,Thierry F,5
412,Midi 12,odileri,5
413,Midi 12,charlotte49817,5
414,Midi 12,WalkerMoon,5
415,Gegeor,AS62600F,5
416,Gegeor,134emelined,5
417,Gegeor,890evelynec,5
418,Gegeor,coluc57,5
419,Gegeor,jc69002,5
420,AlKaram,Toni G,5
421,AlKaram,jacky D,5
422,AlKaram,mariefranceb694,5
423,AlKaram,christophet599,5
424,AlKaram,Ornella_D33,5
425,1000 & 1 Signes,Nad_R25,5
426,1000 & 1 Signes,Navigate24299301235,5
427,1000 & 1 Signes,_Saganoren7,4
428,1000 & 1 Signes,tatatoch,5
429,1000 & 1 Signes,selmie13,5
430,Chez Cleopatre,diidil,5
431,Chez Cleopatre,kelmsdi,5
432,Chez Cleopatre,najnaj2018,5
433,Chez Cleopatre,liloo95310,5
434,Chez Cleopatre,jaja0909,5
435,Sacrée fleur,Obexy27,5
436,Sacrée fleur,Philou2259,4
437,Sacrée fleur,goodPaca,4
438,Sacrée fleur,Nomad48237756651,5
439,Sacrée fleur,Thombx33240,5
440,Savarin la Table,mickaelb899,5
441,Savarin la Table,pajweb,5
442,Savarin la Table,Sarah L,5
443,Savarin la Table,Chandanicopetry,5
444,Savarin la Table,Julien S,5
445,Oinari Paris,Hoop91,5
446,Oinari Paris,HGonnord,4
447,Oinari Paris,grosmir,5
448,Oinari Paris,philmayer75,3
449,Oinari Paris,oliviercI6248DV,5
450,Tra di Noi Vasco De Gama,loutch68,5
451,Tra di Noi Vasco De Gama,Guide63921085907,5
452,Tra di Noi Vasco De Gama,Linabella19,5
453,Tra di Noi Vasco De Gama,JPA-46100,5
454,Tra di Noi Vasco De Gama,Dada S,5
455,Mian Fan,553laurianec,5
456,Mian Fan,keylo57,5
457,Mian Fan,Claraagirard,5
458,Mian Fan,Getaway05604097182,5
459,Mian Fan,joannehB5864XB,5
460,Restaurant L'INITIAL,HanserPat,5
461,Restaurant L'INITIAL,Eric R,5
462,Restaurant L'INITIAL,laurencel17,5
463,Restaurant L'INITIAL,af_marathon,5
464,Restaurant L'INITIAL,33-BORDELAIS,5
465,Cezembre,olivier1004,5
466,Cezembre,denday,5
467,Cezembre,simonD1954,5
468,Cezembre,gallan2308,5
469,Cezembre,Lapommedepin85,5
470,Hebe,Anne-sophie M,5
471,Hebe,265pierree,5
472,Hebe,998yannickp,3
473,Hebe,marccW157QW,5
474,Hebe,delphinec204,5
475,Savannah Cafe,Sissou7,5
476,Savannah Cafe,Laetitititia,5
477,Savannah Cafe,Romain_4075,5
478,Savannah Cafe,bertrand92300,5
479,Savannah Cafe,silvianX1947MF,1
480,La Pause Libanaise,Q5990DXflorenceg,5
481,La Pause Libanaise,Jean Charles T,5
482,La Pause Libanaise,W7796HHnadinek,5
483,La Pause Libanaise,A5344GPmyriamb,5
484,La Pause Libanaise,Caroline H,4
485,Seb'on,586h_l_nef,5
486,Seb'on,docvalou,5
487,Seb'on,charlesv357,5
488,Seb'on,Rosita P,5
489,Seb'on,clairebB1829VK,5
490,Tadam Paris,emanuelegU9888ZZ,5
491,Tadam Paris,564charleyd,5
492,Tadam Paris,Zeliesk,5
493,Tadam Paris,Opinion78,5
494,Tadam Paris,220mathisb,5
495,Desvouges,H4457SOpierred,5
496,Desvouges,Itinerant-perpetuel,5
497,Desvouges,jdbvo33,4
498,Desvouges,Bertnog,5
499,Desvouges,attypique,5
500,Le Bélisaire,Trail00916300387,5
501,Le Bélisaire,Thierry J,5
502,Le Bélisaire,Relax451925,5
503,Le Bélisaire,VIVIBE64,5
504,Le Bélisaire,901wild,5
505,Supernova,sbar5000,5
506,Supernova,pimpaampoum,4
507,Supernova,sweetburger,5
508,Supernova,marine1633,5
509,Supernova,geoffreyritter,5
510,La Crete,BeltranB,4
511,La Crete,790claudineb,5
512,La Crete,Louli81,5
513,La Crete,M3170UQpb,5
514,La Crete,PATRICK L,5
515,Le Cinq,Vincent A,5
516,Le Cinq,guicagr,5
517,Le Cinq,Davidncy,5
518,Le Cinq,Myna_Malina,5
519,Le Cinq,MarcMills55,5
520,The Frog Revolution,Matthieumprt,5
521,The Frog Revolution,P6773HHmariel,5
522,The Frog Revolution,juliat328,5
523,The Frog Revolution,895nene,5
524,The Frog Revolution,grandryj,5
525,Comptoir Gourmet,Renaud29_11,5
526,Comptoir Gourmet,760elod,5
527,Comptoir Gourmet,Géraldine A,5
528,Comptoir Gourmet,smartinarpp,5
529,Comptoir Gourmet,BenoitMontis,5
530,La Table d'Hami,Hapicli,5
531,La Table d'Hami,Meiiko77,5
532,La Table d'Hami,Salamesh1,5
533,La Table d'Hami,550jeanmarcv,5
534,La Table d'Hami,Jul75120,5
535,Flesh Restaurant Pigalle,696bretone,5
536,Flesh Restaurant Pigalle,maximebH1227QG,5
537,Flesh Restaurant Pigalle,G8043VZnicolass,5
538,Flesh Restaurant Pigalle,X6464SWemmanuelb,5
539,Flesh Restaurant Pigalle,Maxxxlamenace,5
540,La Réserve des Initiés,Fearless229052,5
541,La Réserve des Initiés,301juliens,5
542,La Réserve des Initiés,X9346VScatherinef,5
543,La Réserve des Initiés,francec599,5
544,La Réserve des Initiés,FXPARIS11,5
545,Les Freres Bretons,Ewan G,5
546,Les Freres Bretons,T524MUchristopher,5
547,Les Freres Bretons,Vero-Fredo78-,5
548,Les Freres Bretons,Tour67966454458,5
549,Les Freres Bretons,chachadevdev,5
550,A-TABLE,eudus,4
551,A-TABLE,511zakarian,5
552,A-TABLE,OrchideeBlanche77,5
553,A-TABLE,JohnL9871,4
554,A-TABLE,Roger S,5
555,Le Cherine,989andr_al,5
556,Le Cherine,veneckyclam,5
557,Le Cherine,Florence B,5
558,Le Cherine,alae-guns,3
559,Le Cherine,_lodieh853,5
560,Zia,HFB13,5
561,Zia,LunahRose,5
562,Zia,flooudadvisor,5
563,Zia,Celinenvacances,5
564,Zia,tony1383,5
565,Flesh Restaurant Canal Saint Martin,K5893WEelsam,5
566,Flesh Restaurant Canal Saint Martin,dirils2021,5
567,Flesh Restaurant Canal Saint Martin,Elvis f,5
568,Flesh Restaurant Canal Saint Martin,ykeng,1
569,Flesh Restaurant Canal Saint Martin,yaelgoldb,5
570,L'Hommage,Benoit I,5
571,L'Hommage,karlmrql,5
572,L'Hommage,ALAIN P,5
573,L'Hommage,AbbeyinnParis,5
574,L'Hommage,Ghbook,5
575,Restaurant OXTE,voyageuse77500,4
576,Restaurant OXTE,altobeli,5
577,Restaurant OXTE,U6681OZchristianm,5
578,Restaurant OXTE,Vaness1031,5
579,Restaurant OXTE,nellocheee,4
580,Jimmy 2 Fois,jenjP533OK,5
581,Jimmy 2 Fois,Sonyac2822,5
582,Jimmy 2 Fois,teferos76,5
583,Jimmy 2 Fois,jelaga,4
584,Jimmy 2 Fois,sabval1969,5
585,RHINO ROUGE,Sabine P,5
586,RHINO ROUGE,MiguelAurelia,5
587,RHINO ROUGE,lilibenett,5
588,RHINO ROUGE,doo3sbb,5
589,RHINO ROUGE,Quest31085542110,5
590,Bistrot Rougemont,nicolasbW6632VW,4
591,Bistrot Rougemont,54valrobki,5
592,Bistrot Rougemont,dartoiss,5
593,Bistrot Rougemont,Arnaud_Digital,5
594,Bistrot Rougemont,993yasb,5
595,Le Perraudin,Rol4098,5
596,Le Perraudin,671blandineg,5
597,Le Perraudin,Desmond J K,5
598,Le Perraudin,M3891AAkarinep,5
599,Le Perraudin,L3314VFdidierm,5
600,Restaurant Biscotte,555olivier55,5
601,Restaurant Biscotte,sylvainl70,5
602,Restaurant Biscotte,Navigator13976815451,5
603,Restaurant Biscotte,nicolas1415,5
604,Restaurant Biscotte,Passport36315032578,5
605,Pop's,Journey20084208094,5
606,Pop's,CND92,5
607,Pop's,Debodan35,5
608,Pop's,JMMillion,5
609,Pop's,thomas_paris11,5
610,Buddha Restaurant,alaink421,5
611,Buddha Restaurant,StephaneChappey,5
612,Buddha Restaurant,Jclaudy09,5
613,Buddha Restaurant,104christeller,5
614,Buddha Restaurant,25c_cilea,5
615,La Bossue,115l_af,5
616,La Bossue,Travel660908,1
617,La Bossue,charlottehF6477ZD,5
618,La Bossue,Christine G,5
619,La Bossue,C3790OPcaroliner,4
620,Buzkashi,Alaoa,5
621,Buzkashi,Sandoue,5
622,Buzkashi,64lauret,4
623,Buzkashi,Michbella7,5
624,Buzkashi,Laluciole36,5
625,Chez Gabrielle,d37p1,4
626,Chez Gabrielle,christian g,5
627,Chez Gabrielle,alexiafre,5
628,Chez Gabrielle,liselemon,4
629,Chez Gabrielle,141b_atriceg,5
630,Johana's FISH & CHIPS,A5984DZclairep,5
631,Johana's FISH & CHIPS,FMonjarret,5
632,Johana's FISH & CHIPS,Nelg64,5
633,Johana's FISH & CHIPS,anniesR9098QN,5
634,Johana's FISH & CHIPS,CYGRO,5
635,Publisher,Connector748454,5
636,Publisher,martinlg22,5
637,Publisher,514yvanb,5
638,Publisher,Mammadiroux,5
639,Publisher,Oshovah,5
640,Sarté Restaurant,annazX6467AB,5
641,Sarté Restaurant,SuperJe92,5
642,Sarté Restaurant,farseb75,5
643,Sarté Restaurant,115l_af,1
644,Sarté Restaurant,Mailys66,5
645,Arnaud Nicolas,misterblue2018,5
646,Arnaud Nicolas,Brbrib107,5
647,Arnaud Nicolas,Epicurienne9292,5
648,Arnaud Nicolas,pandouche,5
649,Arnaud Nicolas,sylvie et olivi... R,5
650,Le Gabriel,MicheldeG,5
651,Le Gabriel,Jp B,3
652,Le Gabriel,Xierwan,5
653,Le Gabriel,Murielle B,5
654,Le Gabriel,dundee71,5
655,Oplato,Gauthix,5
656,Oplato,jeromecortial,4
657,Oplato,LilieRouk,4
658,Oplato,Quentin G,5
659,Oplato,camilloud92,5
660,La Bécane À Gaston,Eliedenimes,5
661,La Bécane À Gaston,Kattivix,5
662,La Bécane À Gaston,Moncel27,5
663,La Bécane À Gaston,Go29833015257,5
664,La Bécane À Gaston,Gabylodie,5
665,Happy Caffe,elisagA2337RR,5
666,Happy Caffe,Dany D,5
667,Happy Caffe,FarahJamalKasseem,5
668,Happy Caffe,NorthStar37205104973,5
669,Happy Caffe,vincent21500,5
670,Le Bistrot d'Indochine,E2234PFmarcm,5
671,Le Bistrot d'Indochine,Frédérique B,5
672,Le Bistrot d'Indochine,philipped322,5
673,Le Bistrot d'Indochine,R8816RLcharlesa,4
674,Le Bistrot d'Indochine,ml64100,5
675,Les Crêpes de Louis-Marie,Mobile12196513965,5
676,Les Crêpes de Louis-Marie,Natnatv1,5
677,Les Crêpes de Louis-Marie,Victoire78000,5
678,Les Crêpes de Louis-Marie,cocollicob,2
679,Les Crêpes de Louis-Marie,HBsolo,5
680,L'Atelier Saisonnier - Paris 9e,112fabriced,5
681,L'Atelier Saisonnier - Paris 9e,BDP2013,5
682,L'Atelier Saisonnier - Paris 9e,coralies784,4
683,L'Atelier Saisonnier - Paris 9e,496oph_lieg,5
684,L'Atelier Saisonnier - Paris 9e,JselP,5
685,Restaurant eels,223liloul,5
686,Restaurant eels,michael d,5
687,Restaurant eels,FredStMartin,5
688,Restaurant eels,oscar_goncalves_food,5
689,Restaurant eels,alexfQ700RU,5
690,Restaurant Gastronomique Louis,Sylvia K,5
691,Restaurant Gastronomique Louis,julies023,5
692,Restaurant Gastronomique Louis,Olivier69003,5
693,Restaurant Gastronomique Louis,Equinoxe2013,5
694,Restaurant Gastronomique Louis,aaaa_bbbb1,5
695,Petite fleur,Ishadt,4
696,Petite fleur,945maxim,5
697,Petite fleur,antoine20001,3
698,Petite fleur,Ines N,5
699,Petite fleur,dorotheep2019,5
700,Le 217 Brasserie Restaurant,kevkev1688,5
701,Le 217 Brasserie Restaurant,Daniel S,5
702,Le 217 Brasserie Restaurant,Léa d,5
703,Le 217 Brasserie Restaurant,stikmou56nadbre,5
704,Le 217 Brasserie Restaurant,residentsurplace,4
705,Les Passagers de Beyrouth,fran_oisn57,5
706,Les Passagers de Beyrouth,Volve45,5
707,Les Passagers de Beyrouth,885geraldl,5
708,Les Passagers de Beyrouth,Coralie B,5
709,Les Passagers de Beyrouth,ElisaThrl,5
710,Les Canailles,Benoit83190,5
711,Les Canailles,LEOPAD,5
712,Les Canailles,capi6061,4
713,Les Canailles,MarieMichelFrance,5
714,Les Canailles,rosemarielegac,5
715,JJ Restaurant,LejeuneVip1,5
716,JJ Restaurant,829litzac,5
717,JJ Restaurant,olimumba,5
718,JJ Restaurant,cham0804,5
719,JJ Restaurant,FamilleTa,5
720,TRADI,Happiness45734973947,5
721,TRADI,charles d,5
722,TRADI,Connector686090,5
723,TRADI,Emma B,5
724,TRADI,JMCJMCJMCJMCJMC,5
725,MARCLEE,stephcarbal,5
726,MARCLEE,thibaultd683,5
727,MARCLEE,mmothhh,5
728,MARCLEE,NumaVilato,5
729,MARCLEE,Z-Zak89,5
730,Jackpot,Happiness24448291677,5
731,Jackpot,kevinmael,3
732,Jackpot,tflutre,5
733,Jackpot,gros b,5
734,Jackpot,paulgQ6828TY,5
735,Les Cuivres,Frederic7575,5
736,Les Cuivres,Thomas D,5
737,Les Cuivres,danielsA5552RY,5
738,Les Cuivres,Jes_Jef,5
739,Les Cuivres,Lamite89,5
740,FOODI Jia-Ba-Buay,522mathildec,5
741,FOODI Jia-Ba-Buay,liliebatz,5
742,FOODI Jia-Ba-Buay,aztek21,5
743,FOODI Jia-Ba-Buay,Joachim D,5
744,FOODI Jia-Ba-Buay,breteuil,4
745,Chez Arnaud,Kyliann A,5
746,Chez Arnaud,Voyager35986169926,5
747,Chez Arnaud,Wander623781,5
748,Chez Arnaud,nicolasvK8912XN,5
749,Chez Arnaud,chardairev,5
750,"Respiro, Trattoria - Pizzeria",Ff22250,4
751,"Respiro, Trattoria - Pizzeria",oochalou,5
752,"Respiro, Trattoria - Pizzeria",Ramelchris,5
753,"Respiro, Trattoria - Pizzeria",thaisrI6073CD,5
754,"Respiro, Trattoria - Pizzeria",GarryHutton66,5
755,Le Reciproque,BenDeBruxelles,5
756,Le Reciproque,Fab T,5
757,Le Reciproque,691jackyt,5
758,Le Reciproque,Chadili N,5
759,Le Reciproque,Bindhy,5
760,La Bonne Excuse,choupettecookie,5
761,La Bonne Excuse,237olivierm,5
762,La Bonne Excuse,Christine C,5
763,La Bonne Excuse,Lavandou M,4
764,La Bonne Excuse,JeanLucP55,5
765,Casa Festa,78florianf,5
766,Casa Festa,996candiceb,4
767,Casa Festa,Seaside469321,5
768,Casa Festa,domid353,5
769,Casa Festa,claire_reynauud5,5
770,L'Annexe,Claire-rrnnrr,5
771,L'Annexe,ergehem,5
772,L'Annexe,Amenico,5
773,L'Annexe,pascalm144,4
774,L'Annexe,murielle57m,5
775,Ristorante Al Caratello,vigmi,5
776,Ristorante Al Caratello,olivierg959,5
777,Ristorante Al Caratello,gigi378,5
778,Ristorante Al Caratello,20marlinep,5
779,Ristorante Al Caratello,Pierre B,5
780,Le Confidentiel,917yaminac,5
781,Le Confidentiel,Naaaw_el,5
782,Le Confidentiel,fadimatoub2021,2
783,Le Confidentiel,Zmelidor,5
784,Le Confidentiel,N8066WLsamk,5
785,Olive & Thym - Par Man'ouché,dpnth,4
786,Olive & Thym - Par Man'ouché,helenexu,5
787,Olive & Thym - Par Man'ouché,Escape09232541840,5
788,Olive & Thym - Par Man'ouché,kevinmael,5
789,Olive & Thym - Par Man'ouché,Vincent-de-Montpel,5
790,Bustronome PARIS,Passenger828635,5
791,Bustronome PARIS,thierryp388,5
792,Bustronome PARIS,Jean louis M,5
793,Bustronome PARIS,sylvain44,5
794,Bustronome PARIS,mdpvlove,4
795,Le Lamarck,LoirRoyal,5
796,Le Lamarck,adelinecamus,5
797,Le Lamarck,pascaledu14,5
798,Le Lamarck,MacadamJ,5
799,Le Lamarck,inspecteurcanardo,4
800,Royal Dragon,TrapGodDoge,5
801,Royal Dragon,GrandTour23248998715,5
802,Royal Dragon,Climber37150814331,5
803,Royal Dragon,b00sters,5
804,Royal Dragon,75paris11,2
805,Gemini Odéon,Geoffrey M,5
806,Gemini Odéon,m_lisa123,5
807,Gemini Odéon,Apolline D,4
808,Gemini Odéon,_smQ4150D,5
809,Gemini Odéon,439claraq,5
810,Chào bà,Cassiopée L,5
811,Chào bà,jmabbeys,4
812,Chào bà,Victor R,5
813,Chào bà,DamienOuebe,5
814,Chào bà,326genevievea,5
815,Sourire Le Restaurant,isabelle59l2016,5
816,Sourire Le Restaurant,Thomas_Strasbourg67,5
817,Sourire Le Restaurant,Lolo64Vincennes,5
818,Sourire Le Restaurant,N378EGanthonya,5
819,Sourire Le Restaurant,Roving380436,5
820,Papa Poule,V3843IVmarionc,5
821,Papa Poule,gigi378,5
822,Papa Poule,foodloverdenis,3
823,Papa Poule,86roxane,5
824,Papa Poule,KM78670,4
825,Grains Nobles et Plus,Jean-Yves P,5
826,Grains Nobles et Plus,Reimi67,5
827,Grains Nobles et Plus,Toni G,5
828,Grains Nobles et Plus,Cendrine-et-Gabriel,5
829,Grains Nobles et Plus,954h_l_net,5
830,L'Arôme,Sightsee534056,4
831,L'Arôme,Jean Jacques B,5
832,L'Arôme,Philippe A,5
833,L'Arôme,JoelViroflay,5
834,L'Arôme,Aymeric D,5
835,Aux Délices du Liban,884ir_ned,5
836,Aux Délices du Liban,G C,5
837,Aux Délices du Liban,Camille V,5
838,Aux Délices du Liban,corbeau73,5
839,Aux Délices du Liban,bibichon2018,5
840,Le 975,B3060NTphilr,5
841,Le 975,clauderS383LH,3
842,Le 975,Margot V,5
843,Le 975,axcosmos,5
844,Le 975,parigotte75015,5
845,L'Acolyte de L'Insolite,corinneb509,5
846,L'Acolyte de L'Insolite,Jul_Bbx,3
847,L'Acolyte de L'Insolite,209yousrab,5
848,L'Acolyte de L'Insolite,titechouche,5
849,L'Acolyte de L'Insolite,alexandre b,2
850,La Trattoria Di Gio,clairewR9411XI,5
851,La Trattoria Di Gio,st_phaniec253,4
852,La Trattoria Di Gio,jphi19000,5
853,La Trattoria Di Gio,marinej303,5
854,La Trattoria Di Gio,LaetitiaV2512,5
855,Mamie Bidoche,Maxime F,5
856,Mamie Bidoche,philippebC2625XX,5
857,Mamie Bidoche,FionaC2378,5
858,Mamie Bidoche,Pem_et_Lolo,5
859,Mamie Bidoche,veroniquet566,4
860,"L'Entente, Le British Brasserie",Melissima_24,5
861,"L'Entente, Le British Brasserie",CPNJERR,5
862,"L'Entente, Le British Brasserie",youssefr989,5
863,"L'Entente, Le British Brasserie",Didier441,5
864,"L'Entente, Le British Brasserie",lophloph,5
865,Phebe,christelle_gi,4
866,Phebe,Laurent T,5
867,Phebe,harpoParis,4
868,Phebe,R1248NPolivierb,5
869,Phebe,MatS75,5
870,Redd,severiner744,3
871,Redd,AlainEc92,5
872,Redd,sebastienb447,5
873,Redd,DS-New_parisians,5
874,Redd,elo5110,5
875,Restaurant Friends & Family,Delphpanchard,5
876,Restaurant Friends & Family,momoc33,5
877,Restaurant Friends & Family,cloditalbo,4
878,Restaurant Friends & Family,241annabellea,5
879,Restaurant Friends & Family,joelaAngouleme,4
880,Il Pomod'oro,Jodie J,5
881,Il Pomod'oro,FloreBastier,5
882,Il Pomod'oro,naermi,5
883,Il Pomod'oro,Paul D,5
884,Il Pomod'oro,barbos93,5
885,"Le Bon, La Butte",Voyager43710196017,1
886,"Le Bon, La Butte",Michelbz31,5
887,"Le Bon, La Butte",Arya H,5
888,"Le Bon, La Butte",258pierrer,5
889,"Le Bon, La Butte",JMNK71,4
890,Ze Kitchen Galerie,slyandviou,3
891,Ze Kitchen Galerie,JeanMore,5
892,Ze Kitchen Galerie,Annie_villecrose,5
893,Ze Kitchen Galerie,7747lang,5
894,Ze Kitchen Galerie,aramisToulouse,5
895,Huîtres et Saumons de Passy,petilardon,4
896,Huîtres et Saumons de Passy,virginieb112,5
897,Huîtres et Saumons de Passy,Mcd14122,5
898,Huîtres et Saumons de Passy,Fannydauth,5
899,Huîtres et Saumons de Passy,paupi46,5
900,Assanabel,Stephane V,5
901,Assanabel,poussin91,5
902,Assanabel,Freedom329615,4
903,Assanabel,Samia B,5
904,Assanabel,Jean-Pierre_60290,5
905,Le Florimond,Philippe V,5
906,Le Florimond,Bertrand R,4
907,Le Florimond,94bertrandj,5
908,Le Florimond,phill148,5
909,Le Florimond,Sylvain B,5
910,Virtus,ArnoldBarbery,5
911,Virtus,rvermot,5
912,Virtus,Scenic52095785723,5
913,Virtus,Sarah R,5
914,Virtus,clairedupuys,5
915,Le Goyavier,Sightseer55664260754,5
916,Le Goyavier,Lo C,5
917,Le Goyavier,Laurent G,5
918,Le Goyavier,Reco77,5
919,Le Goyavier,fanny_txr,5
920,Le Gros 7,Isabelle F,5
921,Le Gros 7,remi102,4
922,Le Gros 7,H2151PAlouisg,5
923,Le Gros 7,gkekfnbfr,5
924,Le Gros 7,benm9219,5
925,Pane olio e pomodoro,Elido u,3
926,Pane olio e pomodoro,lilidfu64,5
927,Pane olio e pomodoro,Manon G,5
928,Pane olio e pomodoro,Jean-Paul B,5
929,Pane olio e pomodoro,NathalieB14560,5
930,La Petite Rose des Sables,Aurelie J,5
931,La Petite Rose des Sables,Maclaur6959,5
932,La Petite Rose des Sables,sebastiena329,5
933,La Petite Rose des Sables,pierre k,5
934,La Petite Rose des Sables,255cyberc,5
935,Bodega Potxolo,726thierryb,5
936,Bodega Potxolo,Lavasse2,1
937,Bodega Potxolo,Corstefin,5
938,Bodega Potxolo,Fanny G,5
939,Bodega Potxolo,CyCySAVIN,5
940,Restaurant La Pie Noir,Jérôme V,5
941,Restaurant La Pie Noir,jean-louis r,4
942,Restaurant La Pie Noir,SabrinaLaGardiole,5
943,Restaurant La Pie Noir,Davidochman,5
944,Restaurant La Pie Noir,gladysbraguier,5
945,Le Clos Y,Roycoc,5
946,Le Clos Y,DayTrip16072694780,5
947,Le Clos Y,philippev766,5
948,Le Clos Y,Antoinette G,5
949,Le Clos Y,Kahuna75014,5
950,Le Cabanon de la Butte,Deguydeg,4
951,Le Cabanon de la Butte,Karenlet,5
952,Le Cabanon de la Butte,Nagrom39,4
953,Le Cabanon de la Butte,Marcel L,1
954,Le Cabanon de la Butte,lyonnaisse,4
955,Frog & Rosbif,carolinegB4774SZ,5
956,Frog & Rosbif,juebdec,5
957,Frog & Rosbif,JorisS159,5
958,Frog & Rosbif,emmapN4789AO,5
959,Frog & Rosbif,H3719KGmarcd,5
960,Le Vieux Bistrot,alexandrapulo,5
961,Le Vieux Bistrot,erjonat2019,5
962,Le Vieux Bistrot,Enea B,5
963,Le Vieux Bistrot,965aynurg,5
964,Le Vieux Bistrot,Isamaill,5
965,Sathees,roza b,5
966,Sathees,ericcU754KN,4
967,Sathees,Vincznt,5
968,Sathees,catherinemennad,5
969,Sathees,RobertM9689,5
970,Loubnane,isab460,5
971,Loubnane,Céline H,5
972,Loubnane,fred j,5
973,Loubnane,Jean-marc-voyage75,5
974,Loubnane,chris9433,5
975,Restaurant du Palais Royal,SophieO908,5
976,Restaurant du Palais Royal,Vincent A,5
977,Restaurant du Palais Royal,Dominique-Paris-01,5
978,Restaurant du Palais Royal,Carine P,5
979,Restaurant du Palais Royal,Bernard A,4
980,Invictus,jf r,5
981,Invictus,jfbrossier83,5
982,Invictus,Tdegww,5
983,Invictus,D8684COjeanl,5
984,Invictus,413jamesm,5
985,La Crepe Rit Du Clown,Philippe J,4
986,La Crepe Rit Du Clown,leilaferrer,5
987,La Crepe Rit Du Clown,florentp220,5
988,La Crepe Rit Du Clown,Nini13170,5
989,La Crepe Rit Du Clown,thibaultgnt,5
990,chez delphine,Hugues B,5
991,chez delphine,ademigus,4
992,chez delphine,crr701,1
993,chez delphine,PFrGB,5
994,chez delphine,491aurored,2
995,Joe Burger,meldinge,5
996,Joe Burger,AntoineCG_14,5
997,Joe Burger,sabyscrap,5
998,Joe Burger,blanchemtc,4
999,Joe Burger,277aliak,5
1000,Chez Trassoudaine,GrandTour57915679659,4
1001,Chez Trassoudaine,Bengg75,5
1002,Chez Trassoudaine,lisandro2,5
1003,Chez Trassoudaine,Theananas,5
1004,Chez Trassoudaine,C7219MFphilipped,5
1005,Don Giovanni,Manu71410,5
1006,Don Giovanni,Nico G,5
1007,Don Giovanni,206elodiec,5
1008,Don Giovanni,691sebastienw,5
1009,Don Giovanni,bapt621,5
1010,Couscous Maison Arc en Ciel,Visiteurculinaire,5
1011,Couscous Maison Arc en Ciel,dominique a,5
1012,Couscous Maison Arc en Ciel,Hugo B,5
1013,Couscous Maison Arc en Ciel,25arnaudm,5
1014,Couscous Maison Arc en Ciel,marie P,2
1015,Lorette & Les Garçons,atoiea,5
1016,Lorette & Les Garçons,N1791ZNthomasb,5
1017,Lorette & Les Garçons,isabellelK4546NG,5
1018,Lorette & Les Garçons,AINTZINA,5
1019,Lorette & Les Garçons,Alain345699,5
1020,Tour d'Argent,njezegabel,2
1021,Tour d'Argent,gescriva,5
1022,Tour d'Argent,Morihei94,4
1023,Tour d'Argent,cd92GarchesFrance,5
1024,Tour d'Argent,FloRicJul,2
1025,In Bocca al lupo,CATHRIPERTILIOU,5
1026,In Bocca al lupo,Samydu27,5
1027,In Bocca al lupo,Ornythorinque,5
1028,In Bocca al lupo,alex66690,5
1029,In Bocca al lupo,Karenlet,5
1030,Pierre Gagnaire,Val G,5
1031,Pierre Gagnaire,RoParis85,5
1032,Pierre Gagnaire,Lilycut,4
1033,Pierre Gagnaire,Anthony H,5
1034,Pierre Gagnaire,Christian F,4
1035,CHANG,HPMisBAC,5
1036,CHANG,_sxrxha,5
1037,CHANG,francoisG1207,5
1038,CHANG,563didiert,5
1039,CHANG,yoandm,5
1040,L'Aubergeade,Flyer19798246454,5
1041,L'Aubergeade,arthur p,5
1042,L'Aubergeade,TiboAdvisor,5
1043,L'Aubergeade,moiperso,4
1044,L'Aubergeade,f0rsterg,5
1045,Papelli,regislm,5
1046,Papelli,jenniferH83220,5
1047,Papelli,lo_ckp280,5
1048,Papelli,Alicev12345,5
1049,Papelli,cerege80,5
1050,Les Tables d'Augustin,B3104VLrichardd,4
1051,Les Tables d'Augustin,Francois C,5
1052,Les Tables d'Augustin,evdg,4
1053,Les Tables d'Augustin,112olivierd,5
1054,Les Tables d'Augustin,Jeanmi14-2,4
1055,Pages,gkm60,5
1056,Pages,Cymelios,5
1057,Pages,S-D-Advice,5
1058,Pages,832mariey,5
1059,Pages,jacqueslI5040TB,5
1060,Le Petit Amalfi,Quest41591293575,5
1061,Le Petit Amalfi,chlochloprt,5
1062,Le Petit Amalfi,fredmetz,5
1063,Le Petit Amalfi,12-Rebecca-BS,5
1064,Le Petit Amalfi,DavidZu35,5
1065,Jeongane,Baigneur35,4
1066,Jeongane,Culture51693677915,5
1067,Jeongane,H4517EC_,5
1068,Jeongane,nicof8,5
1069,Jeongane,Coastal25594259793,5
1070,Le Sâotico,T3128RIalexandran,5
1071,Le Sâotico,Titipro78,5
1072,Le Sâotico,christophe o,5
1073,Le Sâotico,Adventure68036680810,5
1074,Le Sâotico,El Rhailani-Del... P,5
1075,Chez Toinette,nicol_z270,4
1076,Chez Toinette,Doc I,4
1077,Chez Toinette,Mirilylou,5
1078,Chez Toinette,christian c,5
1079,Chez Toinette,calicali81,5
